<?xml version="1.0"?>
<!--
    This file contains the board metadata specific to a VASL board archive.
    Create one file per VASL board and place it in the archive.
-->

<!-- 
    Board-level metadata
	name - the name of the board (as it will appear in board selector drop-down - not yet supported)
	version - the board version
	versionDate - the date the last version was created
	author - the caring soul who created the board
    boardImage - the name of the VASL image file in the board archive; the name is case sensitive
    hasHills - TRUE/FALSE if the board contains base elevations above ground level
                if not we can assume the ground level under the terrain is zero, which
                makes the VASL LOS image translation faster and more accurate
    height - height of the board in hexes. Standard geomorphic boards are 10 by 33 hexes
	hexHeight - the height of a hex in pixels - decimal - should be image/height
	hexWidth - the width of a hex in pixels - decimal - center point to center point
	A1CenterX - x location of the A1 center dot
	A1CenterY - y location of the A1 center dot 
	
	3/11/15 - fixed "no woods roads" SSR rule
-->
<boardMetadata 
	name="4b" 
	version="6.3" 
	versionDate="Feb 2017" 
	author="TR" 
	boardImageFileName="bd4b.gif" 
	hasHills="FALSE" 
	width="17" 
	height="20"
	hexHeight = "64.5"
	hexWidth = "56.3125"
	A1CenterX = "-901"
	A1CenterY = "32.25"
	>

    <!--
        The type of buildings on the map. Because the building colors are shared by all building types, VASL can't easily
        determine the proper building type when creating the LOS information and assumes buildings are single-hex stone or 
        wooden buildings. Use these elements to override the building type. 
        
        See the terrainType elements for a complete list of building names
    -->
    <buildingTypes>
	
        <buildingType hexName="T10" buildingTypeName="Wooden Building, 1 Level" />
        <buildingType hexName="T11" buildingTypeName="Wooden Building, 1 Level" />
        <buildingType hexName="U11" buildingTypeName="Wooden Building, 1 Level" />
        <buildingType hexName="U12" buildingTypeName="Wooden Building, 1 Level" />

        <buildingType hexName="U13" buildingTypeName="Stone Building, 1 Level" />
		
        <buildingType hexName="W11" buildingTypeName="Stone Building, 1 Level" />
        <buildingType hexName="W12" buildingTypeName="Stone Building, 1 Level" />
        <buildingType hexName="X10" buildingTypeName="Stone Building, 1 Level" />
        <buildingType hexName="X11" buildingTypeName="Stone Building, 1 Level" />
		
        <buildingType hexName="Z11" buildingTypeName="Wooden Building, 1 Level" />
        <buildingType hexName="Z12" buildingTypeName="Wooden Building, 1 Level" />
		
	</buildingTypes>
	
	<overlaySSRules>
	    <!--
			Scenario-specific overlay rules. 
			name - the VASL SSR name
			image - the image name
			x - x coordinate of overly upper left
			y - y coordinate of overlay upper left
		-->

		<underlaySSRule name="WallsOnly" image="WallPattern.gif">
			<color name="HedgeGreen" />
		</underlaySSRule>
		<underlaySSRule name="WallToCactus" image="CactusPattern.gif">
			<color name="WallBrown" />
			<color name="WallGrey1" />
			<color name="WallGrey2" />
		</underlaySSRule>
		<underlaySSRule name="HedgeToCactus" image="CactusPattern.gif">
			<color name="HedgeGreen" />
		</underlaySSRule>
		<overlaySSRule name="Bamboo" image="4b_Bamboo.gif" x="21" y="29" />
		<overlaySSRule name="RowhouseBarsToOpenGround" image="4b_RowhouseBarsToOpenGround.gif" x="524" y="712" />
		<overlaySSRule name="BSO_4b_NoRoadEntryInW11" image="BSO_4b_NoRoadEntryInW11.gif" x="338" y="636" />
		<overlaySSRule name="DenseJungle" image="4b_DenseJungle.gif" x="1" y="1" />
		<overlaySSRule name="LightWoods" image="4b_LightWoods.gif" x="1" y="1" />
		<overlaySSRule name="WallsToBocage" image="4b_WallsToBocage.gif" x="297" y="481" />
		<overlaySSRule name="WallsToOG" image="4b_WallsToOG.gif" x="297" y="481" />
		<overlaySSRule name="PalmTrees" image="4b_PalmTrees.gif" x="536" y="493" />
		<overlaySSRule name="OrchardsToCrags" image="4b_OrchardsToCrags.gif" x="541" y="495" />
		<overlaySSRule name="OrchardsToShellholes" image="4b_OrchardsToShellholes.gif" x="534" y="495" />
		<overlaySSRule name="BridgeToFord" image="4b_BridgeToFord.gif" x="694" y="361" />
		<overlaySSRule name="NoBridge" image="4b_NoBridge.gif" x="694" y="361" />
		<overlaySSRule name="RoadsToPaths" image="4b_RoadsToPaths.gif" x="304" y="187" />
		<overlaySSRule name="NoWoodsRoads" image="4b_NoWoodsRoad.gif" x="303" y="190" />
		<overlaySSRule name="NoRoads" image="4b_NoRoads.gif" x="1" y="1" />
	</overlaySSRules>
	
	<colors>
		<!--
			The VASL board colors. Used for color-specific SSR transformations. Use this element to override the shared color pallet. 
			name - the VASL color name
			red, green, blue - the RBG value of the color in the image
			terrain - the LOS terrain type
			elevation - the base elevation of the terrain
			
		-->
	</colors>
	
	<colorSSRules>
		<!--
			The board color scenario-specific rules. Use this element to override the shared SSRs.		
		-->
	</colorSSRules>
</boardMetadata>